Node,Island
ABY,SI
ADD,SI
ALB,NI
APS,SI
ARA,NI
ARI,NI
ASY,SI
ATI,NI
AVI,SI
BAL,SI
BOB,NI
BPD,SI
BPE,NI
BRB,NI
BWK,SI
CLH,SI
COB,SI
COL,SI
CPK,NI
CST,NI
CUL,SI
CYD,SI
DAR,NI
EDG,NI
GIS,NI
GLN,NI
GYM,SI
HAM,NI
HAY,NI
HEN,NI
HEP,NI
HLY,NI
HTI,NI
HWA,NI
HWB,SI
INV,SI
ISL,SI
KAI,SI
KAW,NI
KKA,SI
KPA,NI
KPO,NI
KPU,NI
LFD,NI
MAN,SI
MAT,NI
MCH,SI
MHO,NI
MLG,NI
MNG,NI
MNI,NI
MOT,SI
MPE,NI
MPI,SI
MTI,NI
MTN,NI
MTR,NI
NAP,NI
NPK,NI
NPL,NI
NSY,SI
OAM,SI
OHK,NI
OPK,NI
OTA,NI
OTI,SI
OWH,NI
PAK,NI
PAL,SI
PAP,SI
PEN,NI
PNI,NI
PRM,NI
RDF,NI
ROT,NI
ROX,SI
SBK,SI
SDN,SI
SFD,NI
SPN,SI
STU,SI
SVL,NI
SWN,NI
TGA,NI
TKR,NI
TKU,NI
TMK,SI
TMN,NI
TNG,NI
TUI,NI
TWZ,SI
WDV,NI
WEL,NI
WHU,NI
WKM,NI
WKO,NI
WPR,SI
WRK,NI
WTK,SI
WTU,NI
WVY,NI
WWD,NI
RFN,SI
ROS,NI
RPO,NI
TAK,NI
TKB,SI
TRK,NI
UHT,NI
WHI,NI
WPA,NI
WPT,SI
ARG,SI
BLN,SI
CBG,NI
CML,SI
EDN,SI
FKN,SI
GYT,NI
HOR,SI
KIN,NI
KTA,NI
MLN,SI
OKI,NI
PPI,NI
KUM,SI
WPW,NI
ASB,SI
BPT,SI
BRY,SI
GFD,NI
HIN,NI
HKK,SI
HUI,NI
MGM,NI
MST,NI
MTM,NI
ORO,SI
TMI,NI
TWC,NI
TWH,NI
WGN,NI
WIL,NI
ATU,SI
BEN,SI
DVK,NI
GOR,SI
KEN,NI
KIK,SI
KOE,NI
LTN,NI
NMA,SI
OHB,SI
OHC,SI
OKN,NI
STK,SI
TKA,SI
TWI,SI
WIR,NI
WRA,NI
BDE,SI
BRK,NI
DOB,SI
FHL,NI
KMO,NI
KWA,NI
MER,NI
MTO,NI
OHA,SI
ONG,NI
TIM,SI
TKH,NI
TMU,NI
WAI,NI
MKE,NI
PAO,NI
THI,NI
WRD,NI
KBY,SI
HOB,NI
